year,month,resNm,ForNum,NatNum
2011,01,창덕궁,14137,43677
2011,01,운현궁,0,6523
2011,01,경복궁,40224,141183
2011,01,창경궁,697,17644
2011,01,종묘,6837,11486
2011,01,국립중앙박물관,0,260272
2011,01,서울역사박물관,0,57787
2011,01,덕수궁,5743,92135
2011,01,서울시립미술관 본관,0,234587
2011,01,태릉 ·  강릉 · 조선왕릉전시관,6,1747
2011,01,서대문형무소역사관,0,18407
2011,01,서대문자연사박물관,0,34551
2011,01,트릭아이미술관,0,10128
2011,01,헌릉ㆍ인릉,168,736
2011,01,선릉·정릉,1365,13486
2011,01,롯데월드,29335,494730
2011,02,창덕궁,18114,73330
2011,02,운현궁,0,10682
2011,02,경복궁,44906,230814
2011,02,창경궁,914,35708
2011,02,종묘,8534,17078
2011,02,국립중앙박물관,0,224691
2011,02,서울역사박물관,0,64148
2011,02,덕수궁,8269,132920
2011,02,서울시립미술관 본관,0,171376
2011,02,태릉 ·  강릉 · 조선왕릉전시관,2,1943
2011,02,서대문형무소역사관,0,14387
2011,02,서대문자연사박물관,0,20934
2011,02,트릭아이미술관,0,15695
2011,02,헌릉ㆍ인릉,168,1730
2011,02,선릉·정릉,1307,18578
2011,02,롯데월드,33180,506321
2011,03,창덕궁,28749,78705
2011,03,운현궁,0,10024
2011,03,경복궁,73166,228276
2011,03,창경궁,1664,29856
2011,03,종묘,13186,22238
2011,03,국립중앙박물관,0,184565
2011,03,서울역사박물관,0,72844
2011,03,덕수궁,10311,64869
2011,03,서울시립미술관 본관,0,260687
2011,03,태릉 ·  강릉 · 조선왕릉전시관,2,3000
2011,03,서대문형무소역사관,0,47554
2011,03,서대문자연사박물관,0,18641
2011,03,트릭아이미술관,0,11468
2011,03,헌릉ㆍ인릉,351,2085
2011,03,선릉·정릉,2546,22696
2011,03,롯데월드,23335,288170
2011,04,창덕궁,33551,129150
2011,04,운현궁,0,17574
2011,04,경복궁,89972,349368
2011,04,창경궁,1687,70101
2011,04,종묘,13436,30470
2011,04,국립중앙박물관,0,240861
2011,04,서울역사박물관,0,128120
2011,04,덕수궁,12037,85548
2011,04,서울시립미술관 본관,0,56024
2011,04,태릉 ·  강릉 · 조선왕릉전시관,1,8029
2011,04,서대문형무소역사관,0,66009
2011,04,서대문자연사박물관,0,24078
2011,04,트릭아이미술관,0,11577
2011,04,헌릉ㆍ인릉,255,5212
2011,04,선릉·정릉,3038,43184
2011,04,롯데월드,23615,446939
2011,05,창덕궁,33678,151833
2011,05,운현궁,0,27575
2011,05,경복궁,80539,438567
2011,05,창경궁,1872,78017
2011,05,종묘,15798,56106
2011,05,국립중앙박물관,0,307969
2011,05,서울역사박물관,0,155529
2011,05,덕수궁,11964,103100
2011,05,서울시립미술관 본관,0,279310
2011,05,태릉 ·  강릉 · 조선왕릉전시관,0,17108
2011,05,서대문형무소역사관,0,72267
2011,05,서대문자연사박물관,0,25593
2011,05,트릭아이미술관,0,9507
2011,05,헌릉ㆍ인릉,314,6201
2011,05,선릉·정릉,3728,44836
2011,05,롯데월드,18532,474422
2011,06,창덕궁,34882,108262
2011,06,운현궁,0,13609
2011,06,경복궁,70120,252185
2011,06,창경궁,2223,40319
2011,06,종묘,17166,28144
2011,06,국립중앙박물관,0,214570
2011,06,서울역사박물관,0,115230
2011,06,덕수궁,10549,81489
2011,06,서울시립미술관 본관,0,178302
2011,06,태릉 ·  강릉 · 조선왕릉전시관,2,8912
2011,06,서대문형무소역사관,0,65633
2011,06,서대문자연사박물관,0,25607
2011,06,트릭아이미술관,0,6916
2011,06,헌릉ㆍ인릉,419,5840
2011,06,선릉·정릉,4998,38306
2011,06,롯데월드,27591,335882
2011,07,창덕궁,33502,91527
2011,07,운현궁,0,10498
2011,07,경복궁,141034,275074
2011,07,창경궁,2415,31333
2011,07,종묘,17675,25886
2011,07,국립중앙박물관,0,331836
2011,07,서울역사박물관,0,116639
2011,07,덕수궁,11172,81544
2011,07,서울시립미술관 본관,0,34784
2011,07,태릉 ·  강릉 · 조선왕릉전시관,31,3562
2011,07,서대문형무소역사관,0,22029
2011,07,서대문자연사박물관,0,29552
2011,07,트릭아이미술관,0,18544
2011,07,헌릉ㆍ인릉,349,2053
2011,07,선릉·정릉,4072,22506
2011,07,롯데월드,53028,478147
2011,08,창덕궁,39302,134374
2011,08,운현궁,0,6490
2011,08,경복궁,169329,386264
2011,08,창경궁,3315,48915
2011,08,종묘,20088,33560
2011,08,국립중앙박물관,0,554395
2011,08,서울역사박물관,0,127048
2011,08,덕수궁,14866,116552
2011,08,서울시립미술관 본관,0,79331
2011,08,태릉 ·  강릉 · 조선왕릉전시관,26,5349
2011,08,서대문형무소역사관,0,90282
2011,08,서대문자연사박물관,0,45851
2011,08,트릭아이미술관,3714,35706
2011,08,헌릉ㆍ인릉,463,3571
2011,08,선릉·정릉,4714,30516
2011,08,롯데월드,60790,658148
2011,09,창덕궁,47017,143467
2011,09,운현궁,0,35130
2011,09,경복궁,152005,437683
2011,09,창경궁,1982,58076
2011,09,종묘,22209,35330
2011,09,국립중앙박물관,0,223776
2011,09,서울역사박물관,0,106764
2011,09,덕수궁,13452,128343
2011,09,서울시립미술관 본관,0,57239
2011,09,태릉 ·  강릉 · 조선왕릉전시관,26,8680
2011,09,서대문형무소역사관,0,30466
2011,09,서대문자연사박물관,0,18775
2011,09,트릭아이미술관,1114,9325
2011,09,헌릉ㆍ인릉,375,5548
2011,09,선릉·정릉,5905,43319
2011,09,롯데월드,30581,376451
2011,10,창덕궁,53165,222484
2011,10,운현궁,0,33436
2011,10,경복궁,164752,518742
2011,10,창경궁,2990,97869
2011,10,종묘,26324,45339
2011,10,국립중앙박물관,0,263728
2011,10,서울역사박물관,0,103723
2011,10,덕수궁,18972,137870
2011,10,서울시립미술관 본관,0,76839
2011,10,태릉 ·  강릉 · 조선왕릉전시관,47,16681
2011,10,서대문형무소역사관,0,56041
2011,10,서대문자연사박물관,0,27909
2011,10,트릭아이미술관,2046,8386
2011,10,헌릉ㆍ인릉,441,7901
2011,10,선릉·정릉,6542,44530
2011,10,롯데월드,33938,509114
2011,11,창덕궁,62683,160836
2011,11,운현궁,0,20705
2011,11,경복궁,126301,304318
2011,11,창경궁,3469,61697
2011,11,종묘,23679,37579
2011,11,국립중앙박물관,0,199058
2011,11,서울역사박물관,0,85835
2011,11,덕수궁,16045,107467
2011,11,서울시립미술관 본관,0,112560
2011,11,태릉 ·  강릉 · 조선왕릉전시관,32,5795
2011,11,서대문형무소역사관,0,39012
2011,11,서대문자연사박물관,0,27599
2011,11,트릭아이미술관,3329,7909
2011,11,헌릉ㆍ인릉,441,3413
2011,11,선릉·정릉,7176,33425
2011,11,롯데월드,30793,454189
2011,12,창덕궁,44722,75991
2011,12,운현궁,0,11017
2011,12,경복궁,132399,237330
2011,12,창경궁,3133,21267
2011,12,종묘,18226,24223
2011,12,국립중앙박물관,0,233828
2011,12,서울역사박물관,0,93554
2011,12,덕수궁,13935,52140
2011,12,서울시립미술관 본관,0,61115
2011,12,태릉 ·  강릉 · 조선왕릉전시관,10,1885
2011,12,서대문형무소역사관,0,32412
2011,12,서대문자연사박물관,0,19308
2011,12,트릭아이미술관,5214,6956
2011,12,헌릉ㆍ인릉,333,1823
2011,12,선릉·정릉,4704,16634
2011,12,롯데월드,52484,642290
2012,01,창덕궁,32210,31760
2012,01,운현궁,1093,6907
2012,01,경복궁,109310,114505
2012,01,창경궁,2295,17458
2012,01,종묘,12293,5856
2012,01,국립중앙박물관,6106,229035
2012,01,서울역사박물관,1161,93801
2012,01,덕수궁,14033,40041
2012,01,서울시립미술관 본관,0,66605
2012,01,태릉 ·  강릉 · 조선왕릉전시관,214,904
2012,01,서대문형무소역사관,4783,17410
2012,01,서대문자연사박물관,0,29042
2012,01,트릭아이미술관,8356,12797
2012,01,헌릉ㆍ인릉,154,1236
2012,01,선릉·정릉,3204,10750
2012,01,롯데월드,61180,528011
2012,02,창덕궁,33764,37326
2012,02,운현궁,1130,8111
2012,02,경복궁,79221,169684
2012,02,창경궁,2631,20267
2012,02,종묘,13879,5016
2012,02,국립중앙박물관,6973,161943
2012,02,서울역사박물관,1090,79407
2012,02,덕수궁,11564,36900
2012,02,서울시립미술관 본관,0,68784
2012,02,태릉 ·  강릉 · 조선왕릉전시관,143,796
2012,02,서대문형무소역사관,4557,52249
2012,02,서대문자연사박물관,0,18713
2012,02,트릭아이미술관,8536,15243
2012,02,헌릉ㆍ인릉,229,1273
2012,02,선릉·정릉,4310,11893
2012,02,롯데월드,32489,479020
2012,03,창덕궁,50318,50573
2012,03,운현궁,1602,10487
2012,03,경복궁,100000,233028
2012,03,창경궁,3861,27647
2012,03,종묘,20341,21429
2012,03,국립중앙박물관,9021,154580
2012,03,서울역사박물관,1441,106514
2012,03,덕수궁,11675,40244
2012,03,서울시립미술관 본관,0,45941
2012,03,태릉 ·  강릉 · 조선왕릉전시관,22,1757
2012,03,서대문형무소역사관,3472,20586
2012,03,서대문자연사박물관,0,30889
2012,03,트릭아이미술관,9705,12144
2012,03,헌릉ㆍ인릉,341,2657
2012,03,선릉·정릉,4746,20797
2012,03,롯데월드,27841,401717
2012,04,창덕궁,61918,101738
2012,04,운현궁,2439,16813
2012,04,경복궁,134279,336255
2012,04,창경궁,4553,75936
2012,04,종묘,24327,27411
2012,04,국립중앙박물관,12678,215851
2012,04,서울역사박물관,2078,133570
2012,04,덕수궁,17003,66246
2012,04,서울시립미술관 본관,0,65663
2012,04,태릉 ·  강릉 · 조선왕릉전시관,28,4126
2012,04,서대문형무소역사관,3423,53840
2012,04,서대문자연사박물관,0,30026
2012,04,트릭아이미술관,12132,9626
2012,04,헌릉ㆍ인릉,434,4695
2012,04,선릉·정릉,7214,42458
2012,04,롯데월드,33524,509788
2012,05,창덕궁,65797,133635
2012,05,운현궁,2631,24690
2012,05,경복궁,117936,481103
2012,05,창경궁,4117,80267
2012,05,종묘,24439,27823
2012,05,국립중앙박물관,15689,306757
2012,05,서울역사박물관,2123,269387
2012,05,덕수궁,17252,89515
2012,05,서울시립미술관 본관,0,156643
2012,05,태릉 ·  강릉 · 조선왕릉전시관,45,7100
2012,05,서대문형무소역사관,5632,127886
2012,05,서대문자연사박물관,0,23186
2012,05,트릭아이미술관,9398,12307
2012,05,헌릉ㆍ인릉,486,7436
2012,05,선릉·정릉,8016,49540
2012,05,롯데월드,23966,504975
2012,06,창덕궁,57013,76116
2012,06,운현궁,1856,17914
2012,06,경복궁,112631,224854
2012,06,창경궁,3319,47308
2012,06,종묘,23566,16248
2012,06,국립중앙박물관,16931,230204
2012,06,서울역사박물관,1743,182096
2012,06,덕수궁,15057,69169
2012,06,서울시립미술관 본관,0,139584
2012,06,태릉 ·  강릉 · 조선왕릉전시관,35,5086
2012,06,서대문형무소역사관,3422,76369
2012,06,서대문자연사박물관,0,33053
2012,06,트릭아이미술관,12082,10184
2012,06,헌릉ㆍ인릉,381,6406
2012,06,선릉·정릉,6890,36509
2012,06,롯데월드,34373,421214
2012,07,창덕궁,50216,48983
2012,07,운현궁,1916,10412
2012,07,경복궁,138101,193169
2012,07,창경궁,3350,26241
2012,07,종묘,18653,12400
2012,07,국립중앙박물관,20533,277935
2012,07,서울역사박물관,2175,160020
2012,07,덕수궁,15909,43076
2012,07,서울시립미술관 본관,0,103733
2012,07,태릉 ·  강릉 · 조선왕릉전시관,31,2031
2012,07,서대문형무소역사관,5190,16839
2012,07,서대문자연사박물관,0,31982
2012,07,트릭아이미술관,12279,16049
2012,07,헌릉ㆍ인릉,329,2111
2012,07,선릉·정릉,5546,21715
2012,07,롯데월드,53359,486936
2012,08,창덕궁,52796,52876
2012,08,운현궁,1999,9755
2012,08,경복궁,168712,202572
2012,08,창경궁,3565,26882
2012,08,종묘,20343,12345
2012,08,국립중앙박물관,20914,434529
2012,08,서울역사박물관,2175,181507
2012,08,덕수궁,14081,45103
2012,08,서울시립미술관 본관,0,156966
2012,08,태릉 ·  강릉 · 조선왕릉전시관,121,1714
2012,08,서대문형무소역사관,8401,82241
2012,08,서대문자연사박물관,0,43775
2012,08,트릭아이미술관,0,0
2012,08,헌릉ㆍ인릉,527,1593
2012,08,선릉·정릉,4672,17434
2012,08,롯데월드,81427,594598
2012,09,창덕궁,52775,76660
2012,09,운현궁,3209,34242
2012,09,경복궁,106412,296957
2012,09,창경궁,2736,42107
2012,09,종묘,22209,13121
2012,09,국립중앙박물관,13725,219211
2012,09,서울역사박물관,1666,175273
2012,09,덕수궁,11711,49013
2012,09,서울시립미술관 본관,0,79396
2012,09,태릉 ·  강릉 · 조선왕릉전시관,64,3278
2012,09,서대문형무소역사관,6102,24364
2012,09,서대문자연사박물관,0,21241
2012,09,트릭아이미술관,0,0
2012,09,헌릉ㆍ인릉,374,3848
2012,09,선릉·정릉,5628,32681
2012,09,롯데월드,38382,394611
2012,10,창덕궁,57349,144268
2012,10,운현궁,2457,29285
2012,10,경복궁,138532,520733
2012,10,창경궁,4008,125906
2012,10,종묘,16198,21956
2012,10,국립중앙박물관,20894,265513
2012,10,서울역사박물관,4047,125261
2012,10,덕수궁,14512,143940
2012,10,서울시립미술관 본관,0,147860
2012,10,태릉 ·  강릉 · 조선왕릉전시관,78,19554
2012,10,서대문형무소역사관,5860,35768
2012,10,서대문자연사박물관,0,25009
2012,10,트릭아이미술관,28799,12870
2012,10,헌릉ㆍ인릉,318,7365
2012,10,롯데월드,44389,500556
2012,11,창덕궁,45427,89575
2012,11,운현궁,1082,19029
2012,11,경복궁,113319,192476
2012,11,창경궁,3748,52830
2012,11,종묘,12797,15881
2012,11,국립중앙박물관,16857,231618
2012,11,서울역사박물관,3537,96291
2012,11,덕수궁,13791,97241
2012,11,서울시립미술관 본관,0,120222
2012,11,태릉 ·  강릉 · 조선왕릉전시관,21,4841
2012,11,서대문형무소역사관,5364,21556
2012,11,서대문자연사박물관,0,31214
2012,11,트릭아이미술관,13172,6319
2012,11,헌릉ㆍ인릉,139,2561
2012,11,롯데월드,40071,562680
2012,12,창덕궁,27814,28061
2012,12,운현궁,546,5978
2012,12,경복궁,105370,133012
2012,12,창경궁,1451,15722
2012,12,종묘,8817,8068
2012,12,국립중앙박물관,13033,227077
2012,12,서울역사박물관,1138,78179
2012,12,덕수궁,11151,44855
2012,12,서울시립미술관 본관,0,213467
2012,12,태릉 ·  강릉 · 조선왕릉전시관,15,1252
2012,12,서대문형무소역사관,6625,14090
2012,12,서대문자연사박물관,0,18881
2012,12,트릭아이미술관,24492,9167
2012,12,헌릉ㆍ인릉,62,860
2012,12,롯데월드,66868,670056
2013,01,창덕궁,22253,30490
2013,01,경복궁,82184,105724
2013,01,창경궁,1320,17562
2013,01,종묘,7579,6996
2013,01,국립중앙박물관,11276,233169
2013,01,덕수궁,7555,46980
2013,01,태릉 ·  강릉 · 조선왕릉전시관,12,1290
2013,01,서대문형무소역사관,0,14838
2013,01,서대문자연사박물관,0,24092
2013,01,트릭아이미술관,20800,17191
2013,01,헌릉ㆍ인릉,64,813
2013,01,선릉·정릉,1453,9132
2013,02,창덕궁,24859,36905
2013,02,경복궁,92997,140253
2013,02,창경궁,1350,20990
2013,02,종묘,8508,7747
2013,02,국립중앙박물관,8571,192802
2013,02,덕수궁,11506,46825
2013,02,태릉 ·  강릉 · 조선왕릉전시관,12,1494
2013,02,서대문형무소역사관,0,9821
2013,02,서대문자연사박물관,0,13630
2013,02,트릭아이미술관,23813,17144
2013,02,헌릉ㆍ인릉,68,1178
2013,02,선릉·정릉,1592,9088
2013,03,창덕궁,43988,54054
2013,03,경복궁,119793,179912
2013,03,창경궁,3100,36389
2013,03,종묘,15635,13138
2013,03,국립중앙박물관,10418,196436
2013,03,덕수궁,12102,77718
2013,03,태릉 ·  강릉 · 조선왕릉전시관,25,4849
2013,03,서대문형무소역사관,0,24100
2013,03,서대문자연사박물관,0,18866
2013,03,트릭아이미술관,27340,9114
2013,03,헌릉ㆍ인릉,133,3030
2013,03,선릉·정릉,2463,24267
2013,04,창덕궁,40807,101508
2013,04,경복궁,130082,276043
2013,04,창경궁,2902,62810
2013,04,종묘,10915,15444
2013,04,국립중앙박물관,10762,226614
2013,04,덕수궁,12512,96402
2013,04,태릉 ·  강릉 · 조선왕릉전시관,53,2995
2013,04,서대문형무소역사관,4163,60970
2013,04,서대문자연사박물관,0,26787
2013,04,트릭아이미술관,28487,5900
2013,04,헌릉ㆍ인릉,95,3146
2013,04,선릉·정릉,3124,35449
2013,05,창덕궁,99693,265795
2013,05,경복궁,82579,522279
2013,05,창경궁,2104,119635
2013,05,종묘,10878,53760
2013,05,국립중앙박물관,12071,296370
2013,05,덕수궁,10535,103001
2013,05,태릉 ·  강릉 · 조선왕릉전시관,94,6618
2013,05,서대문형무소역사관,5164,80636
2013,05,서대문자연사박물관,0,21395
2013,05,트릭아이미술관,18537,10831
2013,05,헌릉ㆍ인릉,109,5967
2013,05,선릉·정릉,2771,47665
2013,06,창덕궁,37541,83137
2013,06,경복궁,115003,208081
2013,06,창경궁,1881,50889
2013,06,종묘,8388,12628
2013,06,국립중앙박물관,13513,183498
2013,06,덕수궁,10140,63520
2013,06,태릉 ·  강릉 · 조선왕릉전시관,25,4789
2013,06,서대문형무소역사관,3698,77297
2013,06,서대문자연사박물관,0,32152
2013,06,트릭아이미술관,22324,9647
2013,06,헌릉ㆍ인릉,64,4424
2013,06,선릉·정릉,2088,33987
2013,07,창덕궁,31461,48657
2013,07,경복궁,162364,203073
2013,07,창경궁,1671,24995
2013,07,종묘,8691,9167
2013,07,국립중앙박물관,17016,238909
2013,07,덕수궁,13544,48941
2013,07,태릉 ·  강릉 · 조선왕릉전시관,9,1568
2013,07,서대문형무소역사관,5289,31750
2013,07,서대문자연사박물관,0,31296
2013,07,트릭아이미술관,24952,19650
2013,07,헌릉ㆍ인릉,91,1602
2013,07,선릉·정릉,1708,19108
2013,08,창덕궁,40040,68571
2013,08,경복궁,205693,255664
2013,08,창경궁,2999,33110
2013,08,종묘,11619,17067
2013,08,국립중앙박물관,15595,365305
2013,08,덕수궁,12830,65233
2013,08,태릉 ·  강릉 · 조선왕릉전시관,24,2532
2013,08,서대문형무소역사관,8146,89168
2013,08,서대문자연사박물관,0,48459
2013,08,트릭아이미술관,29694,50528
2013,08,헌릉ㆍ인릉,170,2843
2013,08,선릉·정릉,2051,21900
2013,09,창덕궁,39392,97864
2013,09,경복궁,144685,319869
2013,09,창경궁,2227,56914
2013,09,종묘,11689,20382
2013,09,국립중앙박물관,13225,226526
2013,09,덕수궁,13769,97658
2013,09,태릉 ·  강릉 · 조선왕릉전시관,30,4188
2013,09,서대문형무소역사관,6201,27942
2013,09,서대문자연사박물관,0,23766
2013,09,트릭아이미술관,24252,16189
2013,09,헌릉ㆍ인릉,66,3916
2013,09,선릉·정릉,2318,30650
2013,10,창덕궁,51382,144549
2013,10,경복궁,107719,385056
2013,10,창경궁,4441,103908
2013,10,종묘,12425,22552
2013,10,국립중앙박물관,14406,265316
2013,10,덕수궁,13137,123934
2013,10,태릉 ·  강릉 · 조선왕릉전시관,37,6163
2013,10,서대문형무소역사관,5948,72607
2013,10,서대문자연사박물관,0,24073
2013,10,트릭아이미술관,34428,9290
2013,10,헌릉ㆍ인릉,99,7139
2013,10,선릉·정릉,3325,40085
2013,11,창덕궁,39748,107904
2013,11,경복궁,101941,211840
2013,11,창경궁,3198,60978
2013,11,종묘,9353,18896
2013,11,국립중앙박물관,11066,192502
2013,11,덕수궁,13426,166366
2013,11,태릉 ·  강릉 · 조선왕릉전시관,18,2634
2013,11,서대문형무소역사관,5474,42760
2013,11,서대문자연사박물관,0,33703
2013,11,트릭아이미술관,29330,7266
2013,11,헌릉ㆍ인릉,41,3289
2013,11,선릉·정릉,3121,23575
2013,12,창덕궁,25550,38553
2013,12,경복궁,101942,145544
2013,12,창경궁,1986,20035
2013,12,종묘,6048,13896
2013,12,국립중앙박물관,9083,286992
2013,12,덕수궁,13282,99301
2013,12,태릉 ·  강릉 · 조선왕릉전시관,6,706
2013,12,서대문형무소역사관,6732,14607
2013,12,서대문자연사박물관,0,23245
2013,12,트릭아이미술관,43129,11886
2013,12,헌릉ㆍ인릉,16,1248
2013,12,선릉·정릉,1445,11890
2014,01,창덕궁,19834,48482
2014,01,경복궁,96716,169707
2014,01,창경궁,1599,21712
2014,01,종묘,5674,14419
2014,01,국립중앙박물관,7804,333749
2014,01,덕수궁,9013,111450
2014,01,태릉 ·  강릉 · 조선왕릉전시관,80,905
2014,01,서대문형무소역사관,5319,24880
2014,01,서대문자연사박물관,0,38632
2014,01,트릭아이미술관,38306,15714
2014,01,헌릉ㆍ인릉,9,1401
2014,01,선릉·정릉,1339,13176
2014,02,창덕궁,20715,44756
2014,02,경복궁,103625,154435
2014,02,창경궁,1492,36721
2014,02,종묘,5181,12307
2014,02,국립중앙박물관,7847,243843
2014,02,덕수궁,10022,93247
2014,02,태릉 ·  강릉 · 조선왕릉전시관,56,1026
2014,02,서대문형무소역사관,3735,23139
2014,02,서대문자연사박물관,0,24261
2014,02,트릭아이미술관,41728,16869
2014,02,헌릉ㆍ인릉,17,1460
2014,02,선릉·정릉,1219,13361
2014,03,창덕궁,32402,63221
2014,03,경복궁,126971,223788
2014,03,창경궁,2477,44840
2014,03,종묘,7528,16116
2014,03,국립중앙박물관,9590,172398
2014,03,덕수궁,14088,144903
2014,03,태릉 ·  강릉 · 조선왕릉전시관,15,6751
2014,03,서대문형무소역사관,3824,57660
2014,03,서대문자연사박물관,0,29177
2014,03,트릭아이미술관,39670,12978
2014,03,헌릉ㆍ인릉,43,3252
2014,03,선릉·정릉,1101,25566
2014,04,창덕궁,45258,145834
2014,04,경복궁,162371,360411
2014,04,창경궁,4243,89737
2014,04,종묘,6568,17958
2014,04,국립중앙박물관,10362,196802
2014,04,덕수궁,17886,86252
2014,04,태릉 ·  강릉 · 조선왕릉전시관,43,4129
2014,04,서대문형무소역사관,4129,53213
2014,04,서대문자연사박물관,0,24761
2014,04,트릭아이미술관,52314,8557
2014,04,헌릉ㆍ인릉,48,5129
2014,04,선릉·정릉,1251,40860
2014,05,창덕궁,44392,143694
2014,05,경복궁,162319,457248
2014,05,창경궁,4220,100809
2014,05,종묘,9195,53528
2014,05,국립중앙박물관,11508,338536
2014,05,덕수궁,16745,100802
2014,05,태릉 ·  강릉 · 조선왕릉전시관,21,7130
2014,05,서대문형무소역사관,5224,34650
2014,05,서대문자연사박물관,0,26111
2014,05,트릭아이미술관,46929,9517
2014,05,헌릉ㆍ인릉,45,6544
2014,05,선릉·정릉,1417,41747
2014,06,창덕궁,35345,76779
2014,06,경복궁,154604,270469
2014,06,창경궁,2298,37959
2014,06,종묘,5368,18263
2014,06,국립중앙박물관,11074,305438
2014,06,덕수궁,12516,62932
2014,06,태릉 ·  강릉 · 조선왕릉전시관,14,10011
2014,06,서대문형무소역사관,3552,36078
2014,06,서대문자연사박물관,0,29942
2014,06,트릭아이미술관,44300,12478
2014,06,헌릉ㆍ인릉,0,5537
2014,06,선릉·정릉,1171,35824
2014,07,창덕궁,38585,62361
2014,07,경복궁,218935,274596
2014,07,창경궁,3570,31164
2014,07,종묘,4727,14736
2014,07,국립중앙박물관,12613,376891
2014,07,덕수궁,15163,59167
2014,07,태릉 ·  강릉 · 조선왕릉전시관,44,5622
2014,07,서대문형무소역사관,5288,31729
2014,07,서대문자연사박물관,0,35226
2014,07,트릭아이미술관,50616,19529
2014,07,헌릉ㆍ인릉,5,1510
2014,07,선릉·정릉,1022,25191
2014,08,창덕궁,43372,91108
2014,08,경복궁,230924,405225
2014,08,창경궁,2866,44450
2014,08,종묘,6342,20377
2014,08,국립중앙박물관,13027,551234
2014,08,덕수궁,18960,78818
2014,08,태릉 ·  강릉 · 조선왕릉전시관,31,7084
2014,08,서대문형무소역사관,8296,124474
2014,08,서대문자연사박물관,0,63877
2014,08,트릭아이미술관,53680,30440
2014,08,헌릉ㆍ인릉,21,1889
2014,08,선릉·정릉,1101,26917
2014,09,창덕궁,38829,119260
2014,09,경복궁,159595,393644
2014,09,창경궁,2741,85604
2014,09,종묘,6730,22008
2014,09,국립중앙박물관,9492,192611
2014,09,덕수궁,15074,97594
2014,09,태릉 ·  강릉 · 조선왕릉전시관,72,12382
2014,09,서대문형무소역사관,6294,50505
2014,09,서대문자연사박물관,0,22734
2014,09,트릭아이미술관,30376,7278
2014,09,헌릉ㆍ인릉,10,4583
2014,09,선릉·정릉,1247,33118
2014,10,창덕궁,58996,182385
2014,10,경복궁,207722,468796
2014,10,창경궁,3860,116874
2014,10,종묘,6809,24230
2014,10,국립중앙박물관,11623,241780
2014,10,덕수궁,18733,148878
2014,10,태릉 ·  강릉 · 조선왕릉전시관,31,8134
2014,10,서대문형무소역사관,5926,79529
2014,10,서대문자연사박물관,0,26868
2014,10,트릭아이미술관,38218,8912
2014,10,헌릉ㆍ인릉,9,7077
2014,10,선릉·정릉,1149,37914
2014,11,창덕궁,47051,136085
2014,11,경복궁,164220,288936
2014,11,창경궁,3668,75897
2014,11,종묘,6022,15959
2014,11,국립중앙박물관,8967,197616
2014,11,덕수궁,19173,123477
2014,11,태릉 ·  강릉 · 조선왕릉전시관,9,4055
2014,11,서대문형무소역사관,5443,41879
2014,11,서대문자연사박물관,0,33254
2014,11,트릭아이미술관,34628,6000
2014,11,헌릉ㆍ인릉,16,3662
2014,11,선릉·정릉,918,26030
2014,12,창덕궁,29928,41561
2014,12,경복궁,129946,190501
2014,12,창경궁,1693,19473
2014,12,종묘,3891,5951
2014,12,국립중앙박물관,7195,258781
2014,12,덕수궁,14723,44272
2014,12,태릉 ·  강릉 · 조선왕릉전시관,12,486
2014,12,서대문형무소역사관,6263,27205
2014,12,서대문자연사박물관,0,24527
2014,12,트릭아이미술관,42443,7478
2014,12,헌릉ㆍ인릉,5,1036
2014,12,선릉·정릉,823,8869
2015,01,창덕궁,23453,49390
2015,01,경복궁,108087,196594
2015,01,창경궁,1326,24256
2015,01,종묘,3112,9854
2015,01,국립중앙박물관,6513,339073
2015,01,덕수궁,8989,54159
2015,01,태릉 ·  강릉 · 조선왕릉전시관,11,1754
2015,01,서대문형무소역사관,5355,23464
2015,01,서대문자연사박물관,0,44478
2015,01,트릭아이미술관,30234,10756
2015,01,헌릉ㆍ인릉,2,1362
2015,01,선릉·정릉,569,12155
2015,02,창덕궁,26439,58745
2015,02,경복궁,154280,264154
2015,02,창경궁,1487,51984
2015,02,종묘,4171,15102
2015,02,국립중앙박물관,6783,214923
2015,02,덕수궁,11984,62541
2015,02,태릉 ·  강릉 · 조선왕릉전시관,13,2821
2015,02,서대문형무소역사관,3702,12093
2015,02,서대문자연사박물관,0,24157
2015,02,트릭아이미술관,34684,8984
2015,02,헌릉ㆍ인릉,4,1706
2015,02,선릉·정릉,579,13497
2015,03,창덕궁,34770,63273
2015,03,경복궁,114092,272022
2015,03,창경궁,5526,111070
2015,03,종묘,5525,10717
2015,03,국립중앙박물관,9463,165430
2015,03,덕수궁,15227,55316
2015,03,태릉 ·  강릉 · 조선왕릉전시관,23,5274
2015,03,서대문형무소역사관,3850,34754
2015,03,서대문자연사박물관,0,22159
2015,03,트릭아이미술관,32313,4434
2015,03,헌릉ㆍ인릉,15,3014
2015,03,선릉·정릉,794,24718
2015,04,창덕궁,45325,140398
2015,04,경복궁,209980,406906
2015,04,창경궁,5862,82310
2015,04,종묘,5290,16470
2015,04,국립중앙박물관,11073,205569
2015,04,덕수궁,19304,100979
2015,04,태릉 ·  강릉 · 조선왕릉전시관,20,10420
2015,04,서대문형무소역사관,4114,57735
2015,04,서대문자연사박물관,0,24094
2015,04,트릭아이미술관,32168,3718
2015,04,헌릉ㆍ인릉,7,4782
2015,04,선릉·정릉,900,41824
2015,05,창덕궁,41644,187128
2015,05,경복궁,185212,485936
2015,05,창경궁,5453,107728
2015,05,종묘,8860,52123
2015,05,국립중앙박물관,10250,260240
2015,05,덕수궁,20133,130874
2015,05,태릉 ·  강릉 · 조선왕릉전시관,73,23038
2015,05,서대문형무소역사관,4392,75348
2015,05,서대문자연사박물관,0,29008
2015,05,트릭아이미술관,26983,8071
2015,05,헌릉ㆍ인릉,28,7557
2015,05,선릉·정릉,1073,43557
2015,06,창덕궁,20021,39425
2015,06,경복궁,31822,155024
2015,06,창경궁,1890,19369
2015,06,종묘,2832,6964
2015,06,국립중앙박물관,6992,86464
2015,06,덕수궁,7547,55601
2015,06,태릉 ·  강릉 · 조선왕릉전시관,16,6645
2015,06,서대문형무소역사관,689,20393
2015,06,서대문자연사박물관,0,6857
2015,06,트릭아이미술관,9009,3603
2015,06,헌릉ㆍ인릉,15,3344
2015,06,선릉·정릉,559,25700
2015,07,창덕궁,24274,109725
2015,07,경복궁,78117,140930
2015,07,창경궁,4676,64166
2015,07,종묘,2927,15124
2015,07,국립중앙박물관,9652,261826
2015,07,덕수궁,8478,94828
2015,07,태릉 ·  강릉 · 조선왕릉전시관,0,5871
2015,07,서대문형무소역사관,4500,17171
2015,07,서대문자연사박물관,0,28674
2015,07,트릭아이미술관,4522,9384
2015,07,헌릉ㆍ인릉,43,2991
2015,07,선릉·정릉,864,37864
2015,08,창덕궁,25283,102114
2015,08,경복궁,126031,265302
2015,08,창경궁,3054,90527
2015,08,종묘,3594,17971
2015,08,국립중앙박물관,10560,449973
2015,08,덕수궁,12221,112969
2015,08,태릉 ·  강릉 · 조선왕릉전시관,20,6180
2015,08,서대문형무소역사관,8160,119769
2015,08,서대문자연사박물관,0,48488
2015,08,트릭아이미술관,12957,19516
2015,08,헌릉ㆍ인릉,5,3439
2015,08,선릉·정릉,754,24135
2015,09,창덕궁,36438,100310
2015,09,경복궁,145280,387816
2015,09,창경궁,3503,54612
2015,09,종묘,4506,16808
2015,09,국립중앙박물관,13169,221311
2015,09,덕수궁,18105,109837
2015,09,태릉 ·  강릉 · 조선왕릉전시관,15,11899
2015,09,서대문형무소역사관,6249,34080
2015,09,서대문자연사박물관,0,21641
2015,09,트릭아이미술관,16712,4346
2015,09,헌릉ㆍ인릉,22,4606
2015,09,선릉·정릉,853,35500
2015,10,창덕궁,49946,189933
2015,10,경복궁,203207,403641
2015,10,창경궁,3936,113075
2015,10,종묘,5519,21238
2015,10,국립중앙박물관,17862,242371
2015,10,덕수궁,21610,144902
2015,10,태릉 ·  강릉 · 조선왕릉전시관,78,19231
2015,10,서대문형무소역사관,6269,71906
2015,10,서대문자연사박물관,0,27564
2015,10,트릭아이미술관,21961,7623
2015,10,헌릉ㆍ인릉,17,5111
2015,10,선릉·정릉,1022,36678
2015,11,창덕궁,44845,126038
2015,11,경복궁,188000,219760
2015,11,창경궁,3106,61218
2015,11,종묘,4763,24921
2015,11,국립중앙박물관,14001,222495
2015,11,덕수궁,19798,117633
2015,11,태릉 ·  강릉 · 조선왕릉전시관,15,7229
2015,11,서대문형무소역사관,5537,35371
2015,11,서대문자연사박물관,0,27430
2015,11,트릭아이미술관,21274,5535
2015,11,헌릉ㆍ인릉,10,2927
2015,11,선릉·정릉,714,23381
2015,12,창덕궁,33342,59738
2015,12,경복궁,170379,148961
2015,12,창경궁,1783,27172
2015,12,종묘,3406,14936
2015,12,국립중앙박물관,13127,281457
2015,12,덕수궁,15197,68749
2015,12,태릉 ·  강릉 · 조선왕릉전시관,16,2221
2015,12,서대문형무소역사관,5588,44232
2015,12,서대문자연사박물관,0,22587
2015,12,트릭아이미술관,29520,8822
2015,12,헌릉ㆍ인릉,3,1647
2015,12,선릉·정릉,492,14454
2016,01,창덕궁,24620,49472
2016,01,경복궁,193821,144022
2016,01,창경궁,1696,22043
2016,01,종묘,2902,12436
2016,01,국립중앙박물관,14074,363327
2016,01,덕수궁,12205,54352
2016,01,서대문자연사박물관,0,34358
2016,01,트릭아이미술관,25604,11382
2016,01,헌릉ㆍ인릉,3,1296
2016,02,창덕궁,27301,62740
2016,02,경복궁,206161,161100
2016,02,창경궁,1626,31323
2016,02,종묘,3829,13656
2016,02,국립중앙박물관,16051,255070
2016,02,덕수궁,15928,53244
2016,02,서대문자연사박물관,0,20210
2016,02,트릭아이미술관,28575,9864
2016,02,헌릉ㆍ인릉,6,1518
2016,03,창덕궁,43066,77620
2016,03,경복궁,222231,167966
2016,03,창경궁,3310,104094
2016,03,종묘,5566,13348
2016,03,국립중앙박물관,18708,162000
2016,03,덕수궁,16132,69020
2016,03,서대문자연사박물관,0,19372
2016,03,트릭아이미술관,25458,4061
2016,03,헌릉ㆍ인릉,18,2894
2016,04,창덕궁,52324,186302
2016,04,경복궁,321801,340944
2016,04,창경궁,7017,97302
2016,04,종묘,5823,23723
2016,04,국립중앙박물관,17811,200794
2016,04,덕수궁,28939,118061
2016,04,서대문자연사박물관,0,28567
2016,04,트릭아이미술관,28036,3816
2016,04,헌릉ㆍ인릉,1,4372
2016,05,창덕궁,52772,181421
2016,05,경복궁,303498,378455
2016,05,창경궁,5519,153328
2016,05,종묘,10762,73644
2016,05,국립중앙박물관,12648,293244
2016,05,덕수궁,24465,161461
2016,05,서대문자연사박물관,0,25663
2016,05,트릭아이미술관,25577,7170
2016,05,헌릉ㆍ인릉,13,5335
2016,06,창덕궁,44328,95232
2016,06,경복궁,276101,263435
2016,06,창경궁,3364,45270
2016,06,종묘,5564,15950
2016,06,국립중앙박물관,15492,233800
2016,06,덕수궁,26998,122701
2016,06,서대문자연사박물관,0,26647
2016,06,트릭아이미술관,20431,6379
2016,06,헌릉ㆍ인릉,13,4525
2016,07,창덕궁,41816,56511
2016,07,경복궁,352717,220865
2016,07,창경궁,3931,54844
2016,07,종묘,6164,12620
2016,07,국립중앙박물관,20934,283826
2016,07,덕수궁,27566,106114
2016,07,서대문자연사박물관,0,32745
2016,07,트릭아이미술관,28670,12218
2016,07,헌릉ㆍ인릉,3,2324
2016,08,창덕궁,40729,59729
2016,08,경복궁,283115,225335
2016,08,창경궁,3270,57004
2016,08,종묘,6094,12237
2016,08,국립중앙박물관,20138,426347
2016,08,덕수궁,24396,105984
2016,08,서대문자연사박물관,0,47091
2016,08,트릭아이미술관,21480,22213
2016,08,헌릉ㆍ인릉,21,1493
2016,09,창덕궁,43682,140097
2016,09,경복궁,211357,360920
2016,09,창경궁,5496,78110
2016,09,종묘,8185,23920
2016,09,국립중앙박물관,12218,242191
2016,09,덕수궁,25843,172717
2016,09,서대문자연사박물관,0,22388
2016,09,트릭아이미술관,13677,5504
2016,09,헌릉ㆍ인릉,17,3815
